app_api_keys, 3, 1, 1, 1, 1, 1, 1, 1, 1, 1, 1, 1, 1, 1, 1, 1, 1, 1, 1, 1, 1, 1, 1, 1, 1, 1, 1, 1, 1, 1, 1, 1, 1, 1, 1, 1, 1, 1, 1, 1, 1, 1, 2, 1, 1, 1, 1, 1, 1, 1, 1, 2, 1, 1, 1, 1, 1, 1, 1, 1, 1, 1, 1, 1, 1, 1, 1, 1, 1, 1, 1, 1, 1, 1, 1, 1, 1, 1, 1, 1, 1, 1, 1, 1, 1
app_availability_rules, 0, 2, 2, 2, 2, 2, 2, 2, 3, 2, 2, 2, 2, 2, 2, 2, 2, 1, 2, 0, 2, 2, 7, 2, 2, 3, 6, 2, 7, 6, 4, 2, 2, 2, 2, 2, 2, 0, 2, 2, 2, 4, 2, 3, 2, 2, 2, 0, 2, 1, 2, 4, 4, 2, 2, 2, 2, 2, 2, 2, 2, 2, 2, 2, 2, 19, 3, 2, 2, 2, 2, 2, 2, 2, 2, 2, 2, 2, 2, 2, 2, 3, 2, 2, 2
app_brands, 1, 1, 1, 1, 1, 1, 1, 1, 1, 1, 1, 1, 1, 1, 1, 1, 1, 1, 1, 1, 1, 1, 1, 1, 1, 1, 1, 1, 1, 1, 1, 1, 1, 1, 1, 1, 1, 1, 1, 1, 1, 1, 1, 1, 1, 1, 1, 1, 1, 1, 1, 1, 1, 1, 1, 1, 1, 1, 1, 1, 1, 1, 1, 1, 1, 1, 1, 1, 1, 1, 1, 1, 1, 1, 1, 1, 1, 1, 1, 1, 1, 1, 1, 1, 1
app_deposit_callbacks, 0, 4, 0, 4, 3, 0, 0, 0, 0, 0, 0, 0, 0, 0, 0, 0, 0, 0, 0, 0, 0, 0, 160282, 0, 0, 0, 0, 0, 0, 0, 0, 0, 0, 0, 0, 0, 0, 0, 15, 0, 3, 0, 260, 0, 798, 2, 0, 0, 0, 329, 121, 1489, 954376, 328, 10047, 13, 73, 5, 136, 39, 34, 5, 3, 0, 21, 4380, 210, 21, 0, 0, 0, 0, 0, 0, 0, 0, 0, 0, 0, 17, 3, 232, 23, 0, 2
app_deposits, 34, 106, 0, 95, 4, 0, 0, 0, 1613, 0, 0, 0, 0, 0, 0, 92, 1, 222, 3, 0, 1, 71, 386128, 132, 148, 950, 460, 0, 165, 100, 95, 93, 26, 58, 7, 37, 8, 1, 525, 0, 26, 163, 858, 3, 1017, 224, 20, 1, 3, 610, 276, 45930, 1329413, 858, 9499, 39, 52, 21, 212, 63, 125, 15, 10, 61, 42, 8829, 381, 23, 0, 0, 0, 0, 0, 0, 0, 0, 0, 0, 0, 85, 8, 228, 98, 4, 32
app_fireblocks_address_pool, 0, 0, 0, 0, 0, 0, 0, 0, 0, 0, 0, 0, 0, 0, 0, 0, 0, 0, 0, 0, 0, 0, 0, 0, 0, 0, 0, 0, 0, 0, 0, 0, 0, 0, 0, 0, 0, 0, 0, 0, 0, 0, 799, 0, 0, 0, 0, 0, 0, 0, 0, 0, 0, 0, 0, 0, 0, 0, 0, 0, 0, 0, 0, 0, 0, 0, 0, 0, 0, 0, 0, 0, 0, 0, 0, 0, 0, 0, 0, 0, 0, 0, 0, 0, 0
app_form_requests, 0, 0, 0, 0, 0, 0, 0, 0, 0, 0, 0, 0, 0, 0, 0, 0, 0, 0, 0, 0, 0, 0, 0, 0, 0, 0, 0, 0, 0, 0, 0, 0, 0, 0, 0, 0, 0, 0, 0, 0, 0, 0, 0, 0, 0, 0, 0, 0, 0, 0, 0, 0, 377737, 0, 0, 0, 0, 0, 0, 0, 0, 0, 0, 0, 0, 105, 0, 0, 0, 0, 0, 0, 0, 0, 0, 0, 0, 0, 0, 0, 0, 0, 0, 0, 0
app_log_gateway_callback, 0, 4, 0, 4, 3, 0, 0, 0, 0, 0, 0, 0, 0, 0, 0, 0, 0, 0, 0, 0, 0, 0, 321934, 0, 0, 0, 0, 0, 0, 0, 0, 0, 0, 0, 0, 0, 0, 0, 18, 0, 3, 0, 260, 0, 1555, 11, 0, 0, 0, 329, 121, 2258, 1068269, 533, 10364, 13, 121, 5, 136, 39, 34, 6, 4, 0, 21, 4743, 360, 21, 0, 0, 0, 0, 0, 0, 0, 0, 0, 0, 0, 17, 3, 232, 23, 0, 2
app_payment_request_log, 37, 100, 0, 98, 4, 0, 0, 0, 1629, 0, 0, 0, 0, 0, 0, 92, 1, 240, 1, 0, 1, 71, 384474, 133, 140, 958, 486, 0, 163, 104, 95, 72, 16, 59, 7, 35, 8, 1, 523, 0, 9, 164, 692, 5, 845, 219, 16, 1, 3, 591, 260, 45916, 1366194, 840, 9551, 39, 51, 21, 212, 59, 107, 14, 10, 61, 42, 8765, 330, 22, 0, 0, 0, 0, 0, 0, 0, 0, 0, 0, 0, 74, 8, 228, 74, 4, 37
app_psp_rules, 0, 1, 0, 0, 3, 3, 3, 3, 6, 3, 3, 3, 3, 3, 3, 1, 1, 1, 1, 0, 1, 3, 8, 2, 3, 6, 28, 0, 12, 8, 3, 4, 1, 3, 1, 1, 2, 0, 4, 0, 1, 4, 5, 4, 1, 1, 1, 0, 1, 1, 3, 4, 14, 2, 2, 1, 1, 1, 1, 1, 2, 2, 2, 1, 1, 40, 5, 1, 3, 3, 3, 3, 3, 3, 3, 3, 3, 3, 3, 3, 1, 2, 1, 2, 1
app_psp_settings, 2, 1, 0, 1, 3, 3, 3, 3, 6, 3, 3, 3, 3, 3, 3, 1, 1, 3, 1, 0, 1, 3, 6, 2, 3, 5, 24, 0, 7, 4, 1, 4, 1, 3, 1, 1, 2, 1, 4, 0, 1, 2, 5, 2, 1, 1, 1, 1, 1, 2, 3, 3, 11, 2, 2, 1, 1, 1, 1, 1, 2, 2, 2, 1, 1, 26, 5, 1, 3, 3, 3, 3, 3, 3, 3, 3, 3, 3, 3, 3, 1, 2, 3, 2, 1
app_third_party_update_log, 0, 4, 0, 4, 3, 0, 0, 0, 0, 0, 0, 0, 0, 0, 0, 0, 0, 0, 0, 0, 0, 0, 204414, 0, 0, 0, 0, 0, 0, 0, 2, 0, 0, 0, 0, 0, 0, 0, 15, 0, 13, 0, 455, 0, 1032, 2, 0, 0, 0, 409, 168, 1497, 972124, 345, 10298, 14, 84, 5, 148, 45, 43, 7, 3, 0, 28, 4659, 213, 21, 0, 0, 0, 0, 0, 0, 0, 0, 0, 0, 0, 17, 3, 252, 23, 0, 2
app_transaction_updates, 33, 37, 0, 4, 3, 0, 0, 0, 1520, 0, 0, 0, 0, 0, 0, 66, 1, 222, 3, 0, 1, 69, 456033, 143, 130, 1399, 435, 0, 100, 31, 38, 18, 18, 20, 1, 0, 1, 0, 298, 0, 3, 9, 805, 0, 2292, 17, 0, 0, 0, 377, 126, 75894, 1081371, 622, 10414, 14, 166, 5, 136, 39, 34, 6, 4, 0, 21, 4742, 360, 21, 0, 0, 0, 0, 0, 0, 0, 0, 0, 0, 0, 17, 3, 232, 23, 0, 2
app_user_brands, 2, 1, 1, 1, 1, 1, 1, 1, 1, 1, 1, 1, 1, 1, 1, 1, 1, 1, 1, 1, 1, 1, 1, 1, 1, 1, 1, 1, 1, 1, 1, 1, 1, 1, 1, 1, 1, 1, 1, 1, 1, 1, 1, 1, 1, 1, 1, 1, 1, 1, 1, 1, 1, 1, 1, 1, 1, 1, 1, 1, 1, 1, 1, 1, 1, 1, 1, 1, 1, 1, 1, 1, 1, 1, 1, 1, 1, 1, 1, 1, 1, 1, 1, 1, 1
